userId,requestTimestamp,date,hour,count
anon_6ae8d0a9f84c3299,1753242259402,2025-07-23,0,131
anon_6ae8d0a9f84c3299,1753242289414,2025-07-23,0,131
anon_6ae8d0a9f84c3299,1753242319440,2025-07-23,0,131
anon_6ae8d0a9f84c3299,1753242349407,2025-07-23,0,131
anon_6ae8d0a9f84c3299,1753242354859,2025-07-23,0,131
anon_6ae8d0a9f84c3299,1753242474563,2025-07-23,0,131
anon_6ae8d0a9f84c3299,1753242504591,2025-07-23,0,131
anon_6ae8d0a9f84c3299,1753244396943,2025-07-23,0,131
anon_6ae8d0a9f84c3299,1753244400721,2025-07-23,0,131
anon_6ae8d0a9f84c3299,1753244405359,2025-07-23,0,131
anon_6ae8d0a9f84c3299,1753244480373,2025-07-23,0,131
